ID,IMG,Time,X,Y
41000,16,681.1138,917,648
41001,16,681.1303,917,650
41002,16,681.147,914,674
41003,16,681.1636,912,692
41004,16,681.1801,910,730
41005,16,681.1972,911,740
41006,16,681.2133,915,754
41007,16,681.23,917,755
41008,16,681.2469,920,756
41009,16,681.263,919,757
41010,16,681.2795,917,759
41011,16,681.2961,917,758
41012,16,681.3127,918,748
41013,16,681.3295,920,744
41014,16,681.3461,923,739
41015,16,681.3624,922,740
41016,16,681.3789,922,741
41017,16,681.3956,922,741
41018,16,681.4121,922,741
41019,16,681.4287,922,741
41020,16,681.4453,921,739
41021,16,681.4618,922,738
41022,16,681.4785,922,737
41023,16,681.4949,923,738
41024,16,681.5114,924,741
41025,16,681.5286,924,742
41026,16,681.545,924,744
41027,16,681.5612,924,744
41028,16,681.5777,924,744
41029,16,681.5946,924,745
41030,16,681.6108,923,746
41031,16,681.6276,922,747
41032,17,681.6442,905,773
41033,17,681.6606,887,803
41034,17,681.6772,865,840
41035,17,681.6938,857,854
41036,17,681.7101,857,854
41037,17,681.7271,857,854
41038,17,681.7433,857,854
41039,17,681.7599,857,854
41040,17,681.7767,857,854
41041,17,681.7932,1216,659
41042,17,681.8096,1214,662
41043,17,681.8264,1165,672
41044,17,681.8428,1166,672
41045,17,681.8596,1167,674
41046,17,681.876,1167,675
41047,17,681.8926,1168,676
41048,17,681.9091,1168,677
41049,17,681.9257,1163,680
41050,17,681.9422,1156,684
41051,17,681.9592,1142,692
41052,17,681.9753,1134,695
41053,17,681.9922,1131,699
41054,17,682.0084,1131,700
41055,17,682.0256,1132,701
41056,17,682.0416,1133,702
41057,17,682.058,1133,702
41058,17,682.0746,1132,701
41059,17,682.0916,1131,698
41060,17,682.1078,1132,697
41061,17,682.1246,1123,695
41062,17,682.1409,1096,679
41063,17,682.1579,1037,636
41064,17,682.1744,1003,604
41065,17,682.1908,972,560
41066,17,682.2073,966,545
41067,17,682.2242,966,541
41068,17,682.2404,966,542
41069,17,682.257,966,545
41070,17,682.2734,965,545
41071,17,682.29,965,543
41072,17,682.3068,965,542
41073,17,682.3233,965,541
41074,17,682.3397,968,544
41075,17,682.3563,970,547
41076,17,682.3731,976,560
41077,17,682.3895,979,567
41078,17,682.406,982,577
41079,17,682.4226,982,580
41080,17,682.4391,984,583
41081,17,682.4562,984,582
41082,17,682.4723,944,561
41083,17,682.489,911,544
41084,17,682.5054,788,431
41085,17,682.5221,731,366
41086,17,682.5386,668,264
41087,17,682.5551,662,244
41088,17,682.5717,670,246
41089,17,682.5882,672,248
41090,17,682.6049,671,249
41091,17,682.6218,669,249
41092,17,682.6379,666,249
41093,17,682.6547,666,249
41094,17,682.6711,666,259
41095,17,682.6876,667,266
41096,17,682.705,665,279
41097,17,682.7208,664,283
41098,17,682.7374,664,284
41099,17,682.754,665,285

41100,17,682.7706,666,288
41101,17,682.7871,667,289
41102,17,682.8037,669,291
41103,17,682.8203,670,290
41104,17,682.8368,673,291
41105,17,682.8536,675,292
41106,17,682.8699,676,294
41107,17,682.8865,676,295
41108,17,682.903,676,295
41109,17,682.9199,675,295
41110,17,682.9362,677,294
41111,17,682.9528,677,294
41112,17,682.9694,678,295
41113,17,682.9858,679,296
41114,17,683.0024,681,298
41115,17,683.0194,682,299
41116,17,683.0356,682,299
41117,17,683.0527,681,298
41118,17,683.0689,674,308
41119,17,683.0853,667,316
41120,17,683.1018,648,332
41121,17,683.1183,638,340
41122,17,683.1349,615,344
41123,17,683.1515,615,344
41124,17,683.168,569,345
41125,17,683.1851,569,345
41126,17,683.2013,611,333
41127,17,683.2178,623,328
41128,17,683.2345,617,313
41129,17,683.2509,633,304
41130,17,683.2675,633,304
41131,17,683.2845,636,304
41132,17,683.3006,637,304
41133,17,683.3171,638,306
41134,17,683.3337,638,306
41135,17,683.3503,637,305
41136,17,683.3669,637,304
41137,17,683.3834,638,303
41138,17,683.4004,656,312
41139,17,683.4166,752,372
41140,17,683.4335,817,416
41141,17,683.45,939,508
41142,17,683.4664,963,529
41143,17,683.4828,991,553
41144,17,683.4994,993,552
41145,17,683.516,996,551
41146,17,683.5325,997,552
41147,17,683.5491,998,556
41148,17,683.5656,997,557
41149,17,683.5826,998,560
41150,17,683.5988,999,561
41151,17,683.6155,993,565
41152,17,683.6319,987,569
41153,17,683.6489,977,578
41154,17,683.665,976,582
41155,17,683.6816,975,586
41156,17,683.6984,975,587
41157,17,683.715,975,587
41158,17,683.7314,975,588
41159,17,683.7479,977,589
41160,17,683.7645,978,590
41161,17,683.7811,980,591
41162,17,683.7977,980,591
41163,17,683.8143,979,590
41164,17,683.8308,979,591
41165,17,683.8481,980,591
41166,17,683.864,982,590
41167,17,683.8812,983,589
41168,17,683.897,983,589
41169,17,683.9136,982,588
41170,17,683.9301,981,588
41171,17,683.9467,982,586
41172,17,683.9633,982,587
41173,17,683.9802,983,589
41174,17,683.9965,982,589
41175,17,684.0131,982,589
41176,17,684.0297,982,589
41177,17,684.0462,985,590
41178,17,684.0627,986,591
41179,17,684.0797,989,594
41180,17,684.0959,988,595
41181,17,684.1131,957,580
41182,17,684.1292,911,548
41183,17,684.1456,788,450
41184,17,684.1621,735,400
41185,17,684.1791,662,324
41186,17,684.1953,656,314
41187,17,684.2118,654,305
41188,17,684.2283,655,305
41189,17,684.2451,655,306
41190,17,684.2615,654,306
41191,17,684.2784,653,305
41192,17,684.2947,654,305
41193,17,684.3113,660,303
41194,17,684.3278,666,301
41195,17,684.3445,677,295
41196,17,684.3609,681,292
41197,17,684.3774,686,287
41198,17,684.394,687,287
41199,17,684.4107,688,288

41200,17,684.4274,688,290
41201,17,684.4442,687,292
41202,17,684.4604,687,293
41203,17,684.477,698,297
41204,17,684.4935,733,318
41205,17,684.5104,851,406
41206,17,684.5266,906,449
41207,17,684.5432,988,515
41208,17,684.5597,991,516
41209,17,684.5762,994,518
41210,17,684.5928,997,520
41211,17,684.6097,998,520
41212,17,684.6262,1000,519
41213,17,684.6427,1000,519
41214,17,684.6593,999,519
41215,17,684.6757,998,520
41216,17,684.6923,998,521
41217,17,684.7089,999,521
41218,17,684.7255,1001,522
41219,17,684.742,1001,522
41220,17,684.7586,1001,523
41221,17,684.7751,1001,523
41222,17,684.7917,1001,523
41223,17,684.8084,1001,523
41224,17,684.8247,1001,523
41225,17,684.8418,1049,552
41226,17,684.8582,1049,577
41227,17,684.8746,1048,595
41228,17,684.8911,1050,615
41229,17,684.908,1052,624
41230,17,684.9243,1055,608
41231,17,684.9408,1058,596
41232,17,684.9574,1061,595
41233,17,684.9739,1062,596
41234,17,684.9905,1062,601
41235,17,685.0072,1061,602
41236,17,685.0236,1060,603
41237,17,685.0403,1059,604
41238,17,685.057,1056,609
41239,17,685.0734,1055,612
41240,17,685.09,1054,614
41241,17,685.1066,1054,614
41242,17,685.123,999,620
41243,17,685.1396,1002,621
41244,17,685.1562,1003,621
41245,17,685.1729,1004,621
41246,17,685.1894,1005,619
41247,17,685.2059,1004,613
41248,17,685.2227,1000,601
41249,17,685.2391,997,595
41250,17,685.2556,994,591
41251,17,685.2722,993,590
41252,17,685.2887,992,588
41253,17,685.3052,992,587
41254,17,685.3223,991,587
41255,17,685.3384,990,587
41256,17,685.355,989,588
41257,17,685.3716,990,588
41258,17,685.3881,990,587
41259,17,685.4047,990,587
41260,17,685.4213,989,586
41261,17,685.4379,987,584
41262,17,685.4544,986,584
41263,17,685.4709,986,584
41264,17,685.4875,987,583
41265,17,685.5041,977,581
41266,17,685.5207,971,579
41267,17,685.5372,958,576
41268,17,685.5538,955,576
41269,17,685.5704,957,576
41270,17,685.5869,958,576
41271,17,685.6035,957,577
41272,17,685.6199,956,577
41273,17,685.6365,955,576
41274,17,685.6533,954,576
41275,17,685.67,953,578
41276,17,685.6862,952,579
41277,17,685.7037,967,561
41278,17,685.7194,978,545
41279,17,685.736,1010,501
41280,17,685.7524,1023,482
41281,17,685.7694,1034,464
41282,17,685.7858,1036,462
41283,17,685.8023,1034,459
41284,17,685.8188,1033,458
41285,17,685.8358,1034,456
41286,17,685.8519,1034,456
41287,17,685.8691,1035,458
41288,17,685.8849,1035,458
41289,17,685.9022,1034,460
41290,17,685.9181,1033,461
41291,17,685.9349,1046,460
41292,17,685.9513,1056,459
41293,17,685.9679,1074,460
41294,17,685.9845,1078,461
41295,17,686.0009,1080,462
41296,17,686.0175,1082,463
41297,17,686.0341,1082,461
41298,17,686.0511,1082,460
41299,17,686.0672,1084,459

41300,17,686.0842,1083,459
41301,17,686.1005,1082,461
41302,17,686.1169,1081,461
41303,17,686.1335,1089,494
41304,17,686.1501,1096,519
41305,17,686.1666,1109,558
41306,17,686.1832,1188,674
41307,17,686.1999,1194,702
41308,17,686.2163,1194,702
41309,17,686.2331,1194,702
41310,17,686.2496,911,775
41311,17,686.266,919,768
41312,17,686.2826,920,762
41313,17,686.2992,920,761
41314,17,686.316,920,757
41315,17,686.3323,919,759
41316,17,686.3488,918,762
41317,17,686.3655,917,758
41318,17,686.382,913,747
41319,17,686.3988,911,738
41320,17,686.4152,908,725
41321,17,686.4323,907,723
41322,17,686.4484,907,723
41323,17,686.4742,907,725
41324,17,686.4816,906,730
41325,17,686.498,906,732
41326,17,686.5146,906,734
41327,17,686.5311,906,734
41328,17,686.5477,907,735
41329,17,686.5646,907,737
41330,17,686.5809,902,743
41331,17,686.5976,876,751
41332,17,686.6143,797,778
41333,17,686.6306,758,793
41334,17,686.6472,708,813
41335,17,686.6638,707,814
41336,17,686.6803,707,816
41337,17,686.6973,708,818
41338,17,686.7134,709,819
41339,17,686.73,709,818
41340,17,686.7472,709,817
41341,17,686.7632,707,819
41342,17,686.7797,692,820
41343,17,686.7964,681,819
41344,17,686.8127,663,820
41345,17,686.8295,660,820
41346,17,686.8459,659,820
41347,17,686.8625,659,820
41348,17,686.8796,661,819
41349,17,686.8956,662,819
41350,17,686.9122,660,819
41351,17,686.9288,659,817
41352,17,686.9454,657,814
41353,17,686.9619,657,813
41354,17,686.9789,658,812
41355,17,686.9952,675,811
41356,17,687.0117,736,805
41357,17,687.0282,768,801
41358,17,687.0448,818,797
41359,17,687.0613,820,797
41360,17,687.0781,824,796
41361,17,687.0944,825,795
41362,17,687.1113,826,791
41363,17,687.1276,829,798
41364,17,687.1441,838,830
41365,17,687.1611,841,842
41366,17,687.1779,851,875
41367,17,687.1994,853,885
41368,17,687.2104,853,885
41369,17,687.2269,853,885
41370,17,687.2443,853,885
41371,17,687.2601,652,630
41372,17,687.277,644,628
41373,17,687.2932,657,610
41374,17,687.3102,673,595
41375,17,687.3264,711,561
41376,17,687.343,731,546
41377,17,687.3598,739,544
41378,17,687.3761,740,545
41379,17,687.3928,742,543
41380,17,687.4092,743,543
41381,17,687.4258,744,545
41382,17,687.4424,744,547
41383,17,687.459,745,549
41384,17,687.4755,746,550
41385,17,687.4921,748,551
41386,17,687.5087,749,552
41387,17,687.5251,751,556
41388,17,687.5418,750,559
41389,17,687.5583,747,562
41390,17,687.5749,747,563
41391,17,687.5916,748,573
41392,17,687.6083,752,585
41393,17,687.6248,757,597
41394,17,687.6411,757,597
41395,17,687.6583,764,616
41396,17,687.6743,902,610
41397,17,687.6911,900,609
41398,17,687.7076,899,609
41399,17,687.724,900,609

41400,17,687.7405,978,595
41401,17,687.7571,978,595
41402,17,687.7737,980,595
41403,17,687.7906,981,594
41404,17,687.8069,983,594
41405,17,687.8235,983,594
41406,17,687.84,982,594
41407,17,687.8565,982,594
41408,17,687.8731,982,591
41409,17,687.8896,983,590
41410,17,687.9063,984,590
41411,17,687.9228,984,591
41412,17,687.9394,985,590
41413,17,687.9559,985,590
41414,17,687.9725,986,586
41415,17,687.9897,986,584
41416,17,688.0057,987,583
41417,17,688.0223,987,583
41418,17,688.0388,980,581
41419,17,688.0556,970,579
41420,17,688.0719,906,575
41421,17,688.0883,869,573
41422,17,688.1053,815,574
41423,17,688.1219,807,576
41424,17,688.1382,810,576
41425,17,688.1547,809,574
41426,17,688.1714,808,569
41427,17,688.1883,807,568
41428,17,688.2045,807,568
41429,17,688.221,805,566
41430,17,688.2376,804,565
41431,17,688.2542,801,560
41432,17,688.2708,800,558
41433,17,688.2873,799,557
41434,17,688.3039,800,558
41435,17,688.3203,799,561
41436,17,688.3372,798,562
41437,17,688.3538,797,564
41438,17,688.3702,797,563
41439,17,688.3867,798,564
41440,17,688.4033,799,565
41441,17,688.4198,799,568
41442,17,688.4364,794,571
41443,17,688.4529,782,580
41444,17,688.4705,777,585
41445,17,688.4861,773,593
41446,17,688.5026,774,594
41447,17,688.5193,776,596
41448,17,688.5357,776,596
41449,17,688.5522,775,598
41450,17,688.5688,774,599
41451,17,688.5855,774,602
41452,17,688.602,774,602
41453,17,688.6187,776,604
41454,17,688.6353,776,605
41455,17,688.6516,779,607
41456,17,688.6682,787,607
41457,17,688.6849,846,607
41458,17,688.7013,899,610
41459,17,688.7179,1011,619
41460,17,688.7352,1045,622
41461,17,688.751,1084,625
41462,17,688.7676,1085,624
41463,17,688.7842,1087,624
41464,17,688.801,1087,623
41465,17,688.8173,1088,622
41466,17,688.8338,1088,621
41467,17,688.8504,1090,624
41468,17,688.8669,1093,633
41469,17,688.8836,1102,663
41470,17,688.9001,1107,678
41471,17,688.9167,1112,699
41472,17,688.9337,1112,700
41473,17,688.9498,1113,703
41474,17,688.9664,1114,704
41475,17,688.9831,1113,705
41476,17,688.9996,1112,705
41477,17,689.0161,1113,704
41478,17,689.0332,1114,705
41479,17,689.0492,1109,696
41480,17,689.0661,1100,672
41481,17,689.0823,1074,586
41482,17,689.0989,1064,543
41483,17,689.1158,1053,481
41484,17,689.132,1053,476
41485,17,689.149,1054,473
41486,17,689.1655,1054,473
41487,17,689.1819,1053,476
41488,17,689.1987,1052,477
41489,17,689.215,1053,476
41490,17,689.2315,1053,474
41491,17,689.2481,1056,474
41492,17,689.2651,1056,474
41493,17,689.2812,1058,475
41494,17,689.2978,1059,475
41495,17,689.3144,1059,477
41496,17,689.3309,1054,484
41497,17,689.3479,1041,504
41498,17,689.3641,1035,513
41499,17,689.3808,1027,526

41500,17,689.3974,1027,527
41501,17,689.4138,1027,528
41502,17,689.4304,1027,528
41503,17,689.4469,1027,528
41504,17,689.4635,1027,528
41505,17,689.4802,1027,528
41506,17,689.4968,1025,530
41507,17,689.5132,1025,530
41508,17,689.5298,1024,528
41509,17,689.5463,1024,526
41510,17,689.5633,1034,530
41511,17,689.5796,1047,540
41512,17,689.596,1070,560
41513,17,689.6127,1080,570
41514,17,689.6292,1084,576
41515,17,689.6457,1084,575
41516,17,689.6624,1085,573
41517,17,689.679,1086,573
41518,17,689.6956,1087,573
41519,17,689.712,1083,581
41520,17,689.7286,1066,609
41521,17,689.7455,1052,633
41522,17,689.7618,1045,644
41523,17,689.7783,1025,674
41524,17,689.7948,1023,493
41525,17,689.8115,1030,499
41526,17,689.8279,1088,531
41527,17,689.8445,1076,514
41528,17,689.8611,1071,494
41529,17,689.8777,1068,486
41530,17,689.8942,1051,469
41531,17,689.9107,1045,464
41532,17,689.9274,1048,464
41533,17,689.9442,1049,465
41534,17,689.9604,1053,467
41535,17,689.9771,1054,468
41536,17,689.9937,1053,467
41537,17,690.0102,1052,467
41538,17,690.0268,1049,467
41539,17,690.0443,1048,468
41540,17,690.0604,1050,471
41541,17,690.0765,1051,474
41542,17,690.093,1052,478
41543,17,690.1097,1052,480
41544,17,690.1262,1048,482
41545,17,690.1428,1038,499
41546,17,690.1593,1008,560
41547,17,690.1759,985,616
41548,17,690.1924,947,714
41549,17,690.209,932,754
41550,17,690.2256,926,772
41551,17,690.2421,926,775
41552,17,690.259,925,776
41553,17,690.2753,924,776
41554,17,690.2919,923,777
41555,17,690.3085,922,777
41556,17,690.325,922,778
41557,17,690.3416,923,780
41558,17,690.3581,924,781
41559,17,690.3746,925,781
41560,17,690.3912,923,779
41561,17,690.4078,922,778
41562,17,690.4244,927,756
41563,17,690.4409,942,715
41564,17,690.4575,958,671
41565,17,690.4744,997,574
41566,17,690.4907,1010,543
41567,17,690.5071,1019,525
41568,17,690.5239,1020,524
41569,17,690.5402,1023,523
41570,17,690.5577,1024,522
41571,17,690.5735,1025,521
41572,17,690.59,1025,520
41573,17,690.6068,1025,519
41574,17,690.6232,1025,519
41575,17,690.6398,1025,519
41576,17,690.6563,1024,518
41577,17,690.6728,1025,490
41578,17,690.6893,1026,472
41579,17,690.7059,1030,439
41580,17,690.7225,1032,433
41581,17,690.7393,1035,436
41582,17,690.7556,1036,436
41583,17,690.7722,1037,436
41584,17,690.7891,1036,436
41585,17,690.8052,1036,439
41586,17,690.8219,1036,440
41587,17,690.8387,1038,443
41588,17,690.8554,1040,446
41589,17,690.8716,1042,449
41590,17,690.8882,1042,450
41591,17,690.9048,1041,451
41592,17,690.9217,1041,453
41593,17,690.9378,1041,458
41594,17,690.9547,1041,460
41595,17,690.971,1040,458
41596,17,690.9877,1040,456
41597,17,691.0041,1041,457
41598,17,691.0208,1040,458
41599,17,691.0373,995,517

41600,17,691.0539,964,565
41601,17,691.0708,910,706
41602,17,691.087,899,765
41603,17,691.1039,905,826
41604,17,691.1204,908,834
41605,17,691.1367,908,837
41606,17,691.1536,907,840
41607,17,691.17,905,834
41608,17,691.1864,905,828
41609,17,691.2034,906,808
41610,17,691.2195,907,800
41611,17,691.236,908,793
41612,17,691.2534,907,793
41613,17,691.2694,906,791
41614,17,691.2857,906,790
41615,17,691.3023,903,793
41616,17,691.3188,902,795
41617,17,691.3354,901,794
41618,17,691.352,901,793
41619,17,691.3686,901,790
41620,17,691.3851,899,788
41621,17,691.4017,899,789
41622,17,691.4182,901,791
41623,17,691.4348,902,793
41624,17,691.4514,903,794
41625,17,691.468,906,787
41626,17,691.4845,928,733
41627,17,691.5012,941,704
41628,17,691.5176,965,652
41629,17,691.5342,966,649
41630,17,691.5509,969,650
41631,17,691.5673,970,652
41632,17,691.5839,950,675
41633,17,691.6005,928,694
41634,17,691.6171,885,752
41635,17,691.6339,862,771
41636,17,691.6501,862,771
41637,17,691.6667,862,771
41638,17,691.6834,862,771
41639,17,691.7003,862,771
41640,17,691.7164,1030,621
41641,17,691.7332,1002,749
41642,17,691.7496,990,719
41643,17,691.7662,987,704
41644,17,691.7827,984,672
41645,17,691.7993,984,655
41646,17,691.8163,987,630
41647,17,691.8324,987,626
41648,17,691.849,990,620
41649,17,691.8655,994,624
41650,17,691.8821,1009,640
41651,17,691.8987,1017,647
41652,17,691.9156,1027,656
41653,17,691.9319,1027,656
41654,17,691.9485,1029,658
41655,17,691.9653,1030,659
41656,17,691.9816,1032,660
41657,17,691.998,1032,661
41658,17,692.0146,1033,665
41659,17,692.0313,1034,667
41660,17,692.0482,1029,663
41661,17,692.0644,1024,651
41662,17,692.0814,1013,618
41663,17,692.0976,1009,605
41664,17,692.1141,1006,594
41665,17,692.1307,1006,597
41666,17,692.1475,1007,600
41667,17,692.1638,1008,599
41668,17,692.1804,1008,598
41669,17,692.1973,1007,597
41670,17,692.2136,1005,598
41671,17,692.2301,1005,599
41672,17,692.2471,1006,601
41673,17,692.2632,1007,603
41674,17,692.2798,1008,603
41675,17,692.2964,1008,602
41676,17,692.3129,1003,604
41677,17,692.3297,1003,612
41678,17,692.3461,1007,636
41679,17,692.3627,1010,646
41680,17,692.3793,1013,656
41681,17,692.3958,1012,655
41682,17,692.4123,1012,654
41683,17,692.4293,1013,653
41684,17,692.4455,1012,648
41685,17,692.4622,1010,644
41686,17,692.4786,1012,638
41687,17,692.4952,1015,640
41688,17,692.5118,1023,650
41689,17,692.5283,1027,654
41690,17,692.5453,1028,660
41691,17,692.5613,1027,660
41692,17,692.5781,1027,663
41693,17,692.595,1026,664
41694,17,692.6115,1028,668
41695,17,692.6277,1028,670
41696,17,692.645,1028,672
41697,17,692.6609,1028,672
41698,17,692.6776,1027,673
41699,17,692.6943,1027,674

41700,17,692.7106,1028,675
41701,17,692.7274,1029,677
41702,17,692.7437,1029,678
41703,17,692.7603,1028,679
41704,17,692.7767,1027,680
41705,17,692.7933,1025,681
41706,17,692.81,1015,678
41707,17,692.8265,992,666
41708,17,692.8431,978,658
41709,17,692.8597,961,648
41710,17,692.8762,956,647
41711,17,692.8928,953,650
41712,17,692.9093,953,652
41713,17,692.9259,953,652
41714,17,692.9424,952,650
41715,17,692.9596,951,649
41716,17,692.9756,953,648
41717,17,692.9924,965,637
41718,17,693.0087,973,627
41719,17,693.0258,987,607
41720,17,693.0419,992,598
41721,17,693.0584,993,593
41722,17,693.0751,994,592
41723,17,693.0921,995,593
41724,17,693.1082,995,594
41725,17,693.1248,994,594
41726,17,693.1413,993,593
41727,17,693.158,994,587
41728,17,693.1744,996,585
41729,17,693.1911,999,585
41730,17,693.2076,1000,584
41731,17,693.2241,1001,582
41732,17,693.2407,1001,580
41733,17,693.2572,1000,578
41734,17,693.274,998,577
41735,17,693.2905,996,576
41736,17,693.3069,995,574
41737,17,693.3235,996,569
41738,17,693.34,996,567
41739,17,693.3571,993,565
41740,17,693.3732,992,565
41741,17,693.3902,992,566
41742,17,693.4064,991,566
41743,17,693.423,991,567
41744,17,693.4396,992,567
41745,17,693.4562,994,566
41746,17,693.4727,995,565
41747,17,693.4893,996,567
41748,17,693.506,996,567
41749,17,693.5223,994,569
41750,17,693.5389,993,570
41751,17,693.5554,992,570
41752,17,693.572,992,571
41753,17,693.5886,991,571
41754,17,693.605,992,571
41755,17,693.6216,992,571
41756,17,693.639,993,572
41757,17,693.655,993,573
41758,17,693.6714,993,575
41759,17,693.6882,994,575
41760,17,693.7048,995,574
41761,17,693.7214,996,574
41762,17,693.7379,996,575
41763,17,693.7551,996,577
41764,17,693.7712,995,578
41765,17,693.7874,995,579
41766,17,693.804,996,579
41767,17,693.8205,996,580
41768,17,693.8371,996,579
41769,17,693.8538,995,579
41770,17,693.8702,993,577
41771,17,693.8867,992,576
41772,17,693.9033,993,573
41773,17,693.9203,993,573
41774,17,693.9365,993,574
41775,17,693.9534,992,574
41776,17,693.9695,992,573
41777,17,693.9866,993,573
41778,17,694.0031,993,574
41779,17,694.0193,992,575
41780,17,694.0454,988,578
41781,17,694.0526,986,579
41782,17,694.069,984,579
41783,17,694.0854,984,579
41784,17,694.1024,984,579
41785,17,694.1187,984,579
41786,17,694.1359,984,579
41787,17,694.1517,984,579
41788,17,694.1688,973,579
41789,17,694.1849,972,578
41790,17,694.2015,925,576
41791,17,694.218,925,575
41792,17,694.2348,928,574
41793,17,694.2513,930,574
41794,17,694.2679,932,577
41795,17,694.2844,932,578
41796,17,694.3011,930,591
41797,17,694.3174,928,601
41798,17,694.3344,925,618
41799,17,694.3505,924,624

41800,17,694.3672,924,624
41801,17,694.3837,923,624
41802,17,694.4002,923,623
41803,17,694.4169,924,622
41804,17,694.4333,924,623
41805,17,694.45,922,623
41806,17,694.4665,920,623
41807,17,694.483,919,622
41808,17,694.4999,920,622
41809,17,694.5162,920,623
41810,17,694.5328,920,624
41811,17,694.5494,922,625
41812,17,694.566,923,625
41813,17,694.5826,924,625
41814,17,694.599,922,626
41815,17,694.6156,921,628
41816,17,694.6323,922,628
41817,17,694.6496,922,627
41818,17,694.6653,922,626
41819,17,694.682,922,624
41820,17,694.6985,923,624
41821,17,694.715,923,625
41822,17,694.7316,922,626
41823,17,694.7481,921,627
41824,17,694.7651,921,627
41825,17,694.7814,921,627
41826,17,694.798,922,626
41827,17,694.8146,922,627
41828,17,694.8311,923,627
41829,17,694.8484,923,627
41830,17,694.8644,923,627
41831,17,694.8807,923,627
41832,17,694.8973,923,627
41833,17,694.9139,929,627
41834,17,694.9304,939,623
41835,17,694.9472,965,606
41836,17,694.9636,975,596
41837,17,694.9805,989,583
41838,17,694.9968,990,583
41839,17,695.0133,991,582
41840,17,695.0298,991,581
41841,17,695.0468,989,581
41842,17,695.063,988,582
41843,17,695.0796,988,584
41844,17,695.0962,988,584
41845,17,695.1129,989,582
41846,17,695.1293,989,582
41847,17,695.1468,988,583
41848,17,695.1624,987,584
41849,17,695.1791,986,586
41850,17,695.1956,986,585
41851,17,695.2122,987,584
41852,17,695.2286,987,584
41853,17,695.2453,989,586
41854,17,695.2618,989,586
41855,17,695.2784,988,586
41856,17,695.295,987,586
41857,17,695.3115,986,583
41858,17,695.3281,986,582
41859,17,695.3455,987,580
41860,17,695.3616,988,579
41861,17,695.3778,989,576
41862,17,695.3943,989,575
41863,17,695.4113,988,574
41864,17,695.4274,987,575
41865,17,695.4444,987,575
41866,17,695.4611,989,575
41867,17,695.4772,991,576
41868,17,695.4938,991,576
41869,17,695.5107,990,576
41870,17,695.5269,990,575
41871,17,695.5436,989,573
41872,17,695.5601,989,572
41873,17,695.5766,989,571
41874,17,695.5931,989,570
41875,17,695.6097,989,570
41876,17,695.6263,989,571
41877,17,695.6432,983,586
41878,17,695.6594,972,603
41879,17,695.676,961,623
41880,17,695.6926,955,632
41881,17,695.7093,937,656
41882,17,695.7256,937,656
41883,17,695.7427,903,634
41884,17,695.7592,918,625
41885,17,695.7754,932,617
41886,17,695.7919,954,602
41887,17,695.809,969,592
41888,17,695.8251,975,587
41889,17,695.8417,975,587
41890,17,695.8582,975,587
41891,17,695.8752,976,586
41892,17,695.8913,977,585
41893,17,695.9078,979,585
41894,17,695.9245,980,586
41895,17,695.941,980,588
41896,17,695.9576,980,595
41897,17,695.9744,979,604
41898,17,695.9907,977,621
41899,17,696.0077,975,637

41900,17,696.0239,975,643
41901,17,696.0404,975,643
41902,17,696.0574,975,643
41903,17,696.0735,975,643
41904,17,696.0908,975,643
41905,17,696.1067,975,643
41906,17,696.1232,975,643
41907,17,696.1399,975,643
41908,17,696.1564,975,643
41909,17,696.173,975,643
41910,17,696.1896,975,643
41911,17,696.2061,975,643
41912,17,696.2227,975,643
41913,17,696.2394,980,592
41914,17,696.2557,980,592
41915,17,696.2725,978,591
41916,17,696.2889,977,591
41917,17,696.3055,976,591
41918,17,696.3221,976,591
41919,17,696.3388,977,594
41920,17,696.3552,978,596
41921,17,696.3717,1002,593
41922,17,696.3887,1020,589
41923,17,696.4049,1059,580
41924,17,696.4215,1073,578
41925,17,696.438,1079,581
41926,17,696.4547,1079,584
41927,17,696.4713,1080,585
41928,17,696.488,1080,585
41929,17,696.5044,1080,588
41930,17,696.5209,1080,590
41931,17,696.5375,1081,590
41932,17,696.5541,1082,589
41933,17,696.5706,1087,590
41934,17,696.5871,1090,591
41935,17,696.6042,1097,595
41936,17,696.6203,1099,596
41937,17,696.6371,1100,596
41938,17,696.6534,1099,595
41939,17,696.6699,1101,595
41940,17,696.6869,1101,594
41941,17,696.7032,1102,593
41942,17,696.7197,1104,592
41943,17,696.7362,1104,592
41944,17,696.7531,1104,590
41945,17,696.7693,1104,589
41946,17,696.7859,1102,587
41947,17,696.8027,1091,590
41948,17,696.8191,1043,603
41949,17,696.8355,1017,611
41950,17,696.8523,980,621
41951,17,696.8698,979,621
41952,17,696.8852,981,621
41953,17,696.9019,980,622
41954,17,696.9186,978,622
41955,17,696.935,977,620
41956,17,696.9515,976,620
41957,17,696.9681,978,620
41958,17,696.9846,979,618
41959,17,697.0012,979,617
41960,17,697.0178,981,612
41961,17,697.0345,983,609
41962,17,697.0509,986,603
41963,17,697.0676,987,602
41964,17,697.084,988,600
41965,17,697.1006,988,599
41966,17,697.1172,987,599
41967,17,697.134,987,598
41968,17,697.1503,986,596
41969,17,697.1669,986,595
41970,17,697.1836,988,591
41971,17,697.2001,989,590
41972,17,697.2166,989,588
41973,17,697.2339,988,587
41974,17,697.2497,984,586
41975,17,697.2665,983,585
41976,17,697.283,982,584
41977,17,697.2994,983,583
41978,17,697.316,984,580
41979,17,697.333,984,579
41980,17,697.3492,986,577
41981,17,697.3657,988,576
41982,17,697.3823,992,573
41983,17,697.3989,993,572
41984,17,697.4154,996,572
41985,17,697.4319,996,575
41986,17,697.4489,997,579
41987,17,697.4653,996,580
41988,17,697.4817,993,582
41989,17,697.4983,992,583
41990,17,697.5154,992,585
41991,17,697.5315,993,585
41992,17,697.548,996,587
41993,17,697.5646,997,588
41994,17,697.5811,997,593
41995,17,697.5981,997,595
41996,17,697.6142,998,599
41997,17,697.6312,999,600
41998,17,697.6478,999,603
41999,17,697.664,999,604

42000,17,697.6806,999,606
42001,17,697.6971,999,606
42002,17,697.7137,999,604
42003,17,697.7306,998,603
42004,17,697.7468,999,601
42005,17,697.7638,999,601
42006,17,697.7799,1000,600
42007,17,697.7966,998,599
42008,17,697.8131,979,601
42009,17,697.8298,964,603
42010,17,697.8463,943,605
42011,17,697.8634,941,605
42012,17,697.8794,943,606
42013,17,697.8959,943,608
42014,17,697.9125,942,609
42015,17,697.9291,942,608
42016,17,697.9457,941,605
42017,17,697.9622,941,605
42018,17,697.9789,940,607
42019,17,697.9952,941,606
42020,17,698.0118,941,606
42021,17,698.0284,942,604
42022,17,698.0454,942,603
42023,17,698.0616,941,604
42024,17,698.0786,941,606
42025,17,698.0947,942,609
42026,17,698.1113,943,610
42027,17,698.1279,944,610
42028,17,698.1443,944,612
42029,17,698.1609,944,616
42030,17,698.1776,944,617
42031,17,698.1942,943,616
42032,17,698.2108,943,617
42033,17,698.2277,943,622
42034,17,698.2438,943,624
42035,17,698.2604,944,627
42036,17,698.2769,943,628
42037,17,698.2943,943,628
42038,17,698.31,943,628
42039,17,698.3266,943,628
42040,17,698.3431,943,628
42041,17,698.3599,943,628
42042,17,698.3763,943,628
42043,17,698.3931,943,628
42044,17,698.4095,943,628
42045,17,698.4261,943,628
42046,17,698.4431,943,628
42047,17,698.4593,943,628
42048,17,698.4761,957,644
42049,17,698.4922,957,644
42050,17,698.5093,958,644
42051,17,698.5255,960,645
42052,17,698.5421,960,645
42053,17,698.5586,961,644
42054,17,698.5752,961,642
42055,17,698.5917,961,640
42056,17,698.6084,961,639
42057,17,698.6249,960,638
42058,17,698.6417,958,638
42059,17,698.658,957,639
42060,17,698.6746,959,638
42061,17,698.6912,960,638
42062,17,698.708,962,637
42063,17,698.7244,963,636
42064,17,698.7408,963,638
42065,17,698.7573,962,639
42066,17,698.7744,960,638
42067,17,698.7905,959,637
42068,17,698.8071,961,638
42069,17,698.8237,962,639
42070,17,698.8403,962,640
42071,17,698.8568,962,640
42072,17,698.8734,961,639
42073,17,698.8899,959,638
42074,17,698.9064,959,639
42075,17,698.9235,958,641
42076,17,698.9396,958,641
42077,17,698.9562,959,639
42078,17,698.9728,960,638
42079,17,698.9893,960,638
42080,17,699.0059,959,639
42081,17,699.0225,958,640
42082,17,699.039,957,640
42083,17,699.0556,957,638
42084,17,699.0721,958,637
42085,17,699.0887,960,636
42086,17,699.1052,962,636
42087,17,699.1221,971,637
42088,17,699.1389,974,639
42089,17,699.1551,977,642
42090,17,699.1716,976,642
42091,17,699.1882,976,644
42092,17,699.2048,977,644
42093,17,699.2213,977,643
42094,17,699.2379,976,643
42095,17,699.2543,975,643
42096,17,699.2711,976,644
42097,17,699.2876,985,647
42098,17,699.3043,992,650
42099,17,699.3206,1007,660

42100,17,699.3373,1012,664
42101,17,699.3539,1016,669
42102,17,699.3704,1016,668
42103,17,699.3869,1016,665
42104,17,699.4034,1017,663
42105,17,699.4201,1017,662
42106,17,699.4365,1017,663
42107,17,699.4536,1016,663
42108,17,699.4705,1018,663
42109,17,699.4865,1020,664
42110,17,699.5028,1021,666
42111,17,699.52,1020,669
42112,17,699.5359,1019,668
42113,17,699.5525,1019,667
42114,17,699.5691,1020,667
42115,17,699.5856,1021,664
42116,17,699.6023,1022,663
42117,17,699.619,1022,661
42118,17,699.6353,1022,661
42119,17,699.6519,1022,660
42120,17,699.6688,1022,660
42121,17,699.6853,1022,661
42122,17,699.7016,1023,661
42123,17,699.7185,1022,660
42124,17,699.7347,1021,659
42125,17,699.7515,1021,659
42126,17,699.7679,1022,660
42127,17,699.7846,1022,663
42128,17,699.8011,1022,663
42129,17,699.8183,1021,662
42130,17,699.8341,1021,661
42131,17,699.8511,1021,660
42132,17,699.8672,1014,660
42133,17,699.884,988,659
42134,17,699.9004,975,658
42135,17,699.9172,954,654
42136,17,699.9335,952,652
42137,17,699.9501,951,651
42138,17,699.9666,951,650
42139,17,699.9834,951,650
42140,17,699.9998,951,649
42141,17,700.0165,950,651
42142,17,700.0333,947,650
42143,17,700.0494,934,645
42144,17,700.0663,928,642
42145,17,700.0827,918,637
42146,17,700.0992,917,637
42147,17,700.1162,917,636
42148,17,700.1324,917,634
42149,17,700.1497,918,633
42150,17,700.1655,918,633
42151,17,700.182,919,633
42152,17,700.1985,918,632
42153,17,700.2152,918,633
42154,17,700.2322,918,633
42155,17,700.2482,918,633
42156,17,700.2648,919,632
42157,17,700.2815,924,628
42158,17,700.298,943,616
42159,17,700.3146,956,604
42160,17,700.3312,976,583
42161,17,700.3477,982,576
42162,17,700.3644,982,574
42163,17,700.3809,983,575
42164,17,700.3975,985,573
42165,17,700.414,987,572
42166,17,700.4306,988,571
42167,17,700.4471,988,571
42168,17,700.4642,988,572
42169,17,700.4802,987,574
42170,17,700.4968,987,575
42171,17,700.5137,987,575
42172,17,700.53,989,575
42173,17,700.5466,988,576
42174,17,700.5632,989,579
42175,17,700.58,990,580
42176,17,700.5963,990,583
42177,17,700.6129,990,587
42178,17,700.6295,990,590
42179,17,700.6467,990,593
42180,17,700.6627,1047,603
42181,17,700.6791,1047,603
42182,17,700.6956,1047,603
42183,17,700.7122,1047,603
42184,17,700.7289,1047,603
42185,17,700.7454,1006,614
42186,17,700.7621,1007,613
42187,17,700.7784,1009,615
42188,17,700.7955,1011,616
42189,17,700.8116,1012,617
42190,17,700.8285,1012,617
42191,17,700.8448,1010,614
42192,17,700.8613,1009,613
42193,17,700.8779,1009,614
42194,17,700.8945,1010,615
42195,17,700.9113,1012,615
42196,17,700.9276,1012,615
42197,17,700.9443,1011,615
42198,17,700.9608,1010,616
42199,17,700.9773,1009,615

42200,17,700.9939,1008,615
42201,17,701.0105,1007,614
42202,17,701.027,1007,613
42203,17,701.0435,1007,613
42204,17,701.0603,1008,614
42205,17,701.0767,1007,623
42206,17,701.0932,1005,629
42207,17,701.1102,1000,642
42208,17,701.1263,997,648
42209,17,701.1431,994,663
42210,17,701.1595,994,663
42211,17,701.1761,994,663
42212,17,701.1929,994,663
42213,17,701.2093,994,663
42214,17,701.2258,994,663
42215,17,701.2433,1033,684
42216,17,701.2595,1035,664
42217,17,701.2755,1035,656
42218,17,701.2921,1036,649
42219,17,701.3087,987,631
42220,17,701.3253,990,637
42221,17,701.3419,990,637
42222,17,701.3584,990,636
42223,17,701.3749,990,636
42224,17,701.3915,991,635
42225,17,701.4086,991,636
42226,17,701.4246,992,634
42227,17,701.4412,992,629
42228,17,701.4578,992,616
42229,17,701.4742,992,610
42230,17,701.4908,991,603
42231,17,701.5074,991,602
42232,17,701.5335,992,602
42233,17,701.5408,993,602
42234,17,701.5573,993,604
42235,17,701.574,992,606
42236,17,701.5903,990,607
42237,17,701.6069,991,606
42238,17,701.6234,992,604
42239,17,701.64,992,604
42240,17,701.6565,990,603
42241,17,701.6733,989,602
42242,17,701.6897,988,601
42243,17,701.7064,988,601
42244,17,701.7231,989,600
42245,17,701.7395,990,598
42246,17,701.756,991,596
42247,17,701.7725,992,595
42248,17,701.7891,992,594
42249,17,701.8057,991,594
42250,17,701.8223,990,595
42251,17,701.8388,990,595
42252,17,701.8555,989,593
42253,17,701.8722,988,592
42254,17,701.8886,988,591
42255,17,701.9051,988,590
42256,17,701.9216,988,591
42257,17,701.9382,988,591
42258,17,701.9548,988,591
42259,17,701.9713,989,590
42260,17,701.9883,989,589
42261,17,702.0051,989,589
42262,17,702.0215,988,589
42263,17,702.0376,987,589
42264,17,702.0544,987,588
42265,17,702.0707,987,587
42266,17,702.0872,988,587
42267,17,702.1044,989,588
42268,17,702.1207,990,588
42269,17,702.1369,992,588
42270,17,702.1542,992,589
42271,17,702.1702,992,589
42272,17,702.1866,991,590
42273,17,702.204,990,590
42274,17,702.2203,990,590
42275,17,702.2363,989,592
42276,17,702.2529,989,591
42277,17,702.2695,990,588
42278,17,702.2859,990,587
42279,17,702.3027,991,587
42280,17,702.3192,991,588
42281,17,702.3358,991,587
42282,17,702.3523,990,587
42283,17,702.3694,990,588
42284,17,702.3854,991,588
42285,17,702.4022,992,589
42286,17,702.4185,994,589
42287,17,702.4351,995,588
42288,17,702.4525,995,589
42289,17,702.4684,994,590
42290,17,702.4849,994,590
42291,17,702.5015,992,592
42292,17,702.5184,991,596
42293,17,702.5345,987,605
42294,17,702.551,985,608
42295,17,702.5676,983,615
42296,17,702.5842,981,619
42297,17,702.6007,981,619
42298,17,702.6177,981,619
42299,17,702.6339,981,619

42300,17,702.6505,981,619
42301,17,702.667,981,619
42302,17,702.6839,947,631
42303,17,702.7006,948,628
42304,17,702.7167,949,620
42305,17,702.7336,951,613
42306,17,702.7498,994,613
42307,17,702.7664,994,612
42308,17,702.783,994,611
42309,17,702.7996,993,609
42310,17,702.8161,994,608
42311,17,702.8326,994,608
42312,17,702.8492,995,608
42313,17,702.8658,995,608
42314,17,702.8825,995,605
42315,17,702.899,994,605
42316,17,702.916,993,605
42317,17,702.9326,993,605
42318,17,702.9487,993,605
42319,17,702.9654,994,604
42320,17,702.9819,993,603
42321,17,702.9984,993,602
42322,17,703.015,993,600
42323,17,703.0316,993,599
42324,17,703.048,994,600
42325,17,703.0646,995,600
42326,17,703.0818,995,600
42327,17,703.0978,994,599
42328,17,703.1143,994,598
42329,17,703.1309,994,599
42330,17,703.1475,995,601
42331,17,703.164,995,601
42332,17,703.1805,998,598
42333,17,703.1973,1000,596
42334,17,703.2141,1000,595
42335,17,703.2304,993,592
42336,17,703.2471,989,590
42337,17,703.2635,983,590
42338,17,703.2805,984,591
42339,17,703.2967,984,594
42340,17,703.3134,985,593
42341,17,703.3297,987,592
42342,17,703.3464,989,591
42343,17,703.3628,990,591
42344,17,703.3795,990,592
42345,17,703.396,989,593
42346,17,703.4129,989,593
42347,17,703.4291,989,592
42348,17,703.4456,989,593
42349,17,703.4623,990,594
42350,17,703.4789,991,594
42351,17,703.4955,991,594
42352,17,703.512,991,594
42353,17,703.5287,992,595
42354,17,703.5451,992,595
42355,17,703.5616,992,596
42356,17,703.5785,991,596
42357,17,703.595,991,596
42358,17,703.6113,992,602
42359,17,703.6282,993,629
42360,17,703.645,993,638
42361,17,703.661,993,665
42362,17,703.6779,994,666
42363,17,703.6946,994,666
42364,17,703.7108,994,666
42365,17,703.7275,975,675
42366,17,703.7438,969,665
42367,17,703.7605,980,648
42368,17,703.777,987,636
42369,17,703.7939,996,617
42370,17,703.8101,996,612
42371,17,703.8269,997,607
42372,17,703.8441,997,608
42373,17,703.8602,997,609
42374,17,703.8765,996,608
42375,17,703.8931,995,603
42376,17,703.9095,995,600
42377,17,703.9264,994,595
42378,17,703.9427,994,593
42379,17,703.9598,993,590
42380,17,703.9759,992,588
42381,17,703.9925,993,585
42382,17,704.009,994,584
42383,17,704.026,994,582
42384,17,704.0421,993,580
42385,17,704.059,989,576
42386,17,704.0752,989,576
42387,17,704.0922,987,576
42388,17,704.1085,986,575
42389,17,704.125,986,572
42390,17,704.1416,986,572
42391,17,704.1581,988,572
42392,17,704.1747,989,572
42393,17,704.1914,988,568
42394,17,704.2079,987,567
42395,17,704.2245,986,568
42396,17,704.241,987,570
42397,17,704.2576,988,573
42398,17,704.2741,988,572
42399,17,704.2908,987,573

42400,17,704.3079,990,574
42401,17,704.3243,995,577
42402,17,704.3407,996,578
42403,17,704.3569,992,590
42404,17,704.3735,987,602
42405,17,704.39,981,617
42406,17,704.4066,979,622
42407,17,704.4231,974,635
42408,17,704.4398,974,635
42409,17,704.4563,974,635
42410,17,704.473,742,840
42411,17,704.4896,850,758
42412,17,704.506,880,737
42413,17,704.523,944,685
42414,17,704.539,957,672
42415,17,704.5556,972,655
42416,17,704.5726,973,654
42417,17,704.5887,974,653
42418,17,704.6057,975,655
42419,17,704.6219,975,655
42420,17,704.6385,975,653
42421,17,704.6551,975,653
42422,17,704.6716,976,654
42423,17,704.6883,977,656
42424,17,704.7048,980,659
42425,17,704.7215,980,659
42426,17,704.7379,979,660
42427,17,704.7548,979,661
42428,17,704.7712,979,663
42429,17,704.7876,979,665
42430,17,704.8043,978,666
42431,17,704.8207,979,667
42432,17,704.8372,981,667
42433,17,704.8541,982,667
42434,17,704.8714,984,668
42435,17,704.8874,984,668
42436,17,704.904,982,670
42437,17,704.9202,982,671
42438,17,704.9369,982,672
42439,17,704.9533,983,671
42440,17,704.9698,984,672
42441,17,704.9864,985,673
42442,17,705.003,986,677
42443,17,705.0196,984,680
42444,17,705.037,981,684
42445,17,705.0527,978,687
42446,17,705.0692,974,689
42447,17,705.0859,974,690
42448,17,705.1023,974,690
42449,17,705.1188,974,690
42450,17,705.1354,974,690
42451,17,705.152,974,690
42452,17,705.1685,974,690
42453,17,705.1854,997,620
42454,17,705.2025,998,618
42455,17,705.2191,957,595
42456,17,705.235,958,594
42457,17,705.252,963,593
42458,17,705.2684,964,593
42459,17,705.2847,965,598
42460,17,705.3014,964,601
42461,17,705.3177,965,599
42462,17,705.3346,966,595
42463,17,705.351,967,599
42464,17,705.3674,967,601
42465,17,705.3843,969,606
42466,17,705.4005,970,606
42467,17,705.4171,971,609
42468,17,705.4342,971,610
42469,17,705.4502,971,614
42470,17,705.4667,971,616
42471,17,705.4836,972,618
42472,17,705.4999,973,618
42473,17,705.5165,973,620
42474,17,705.533,973,621
42475,17,705.5496,973,622
42476,17,705.5662,973,622
42477,17,705.5829,973,623
42478,17,705.5993,973,623
42479,17,705.6159,973,623
42480,17,705.6326,975,623
42481,17,705.6492,975,623
42482,17,705.6656,976,622
42483,17,705.6822,975,622
42484,17,705.699,977,620
42485,17,705.7153,977,620
42486,17,705.7321,978,619
42487,17,705.7484,978,618
42488,17,705.765,979,618
42489,17,705.7816,979,619
42490,17,705.7986,978,623
42491,17,705.8147,977,623
42492,17,705.8312,976,622
42493,17,705.8478,976,621
42494,17,705.8644,976,621
42495,17,705.8813,976,621
42496,17,705.8975,976,620
42497,17,705.9141,976,618
42498,17,705.9313,977,616
42499,17,705.9473,976,617

42500,17,705.964,974,618
42501,17,705.9805,970,620
42502,17,705.9969,956,628
42503,17,706.0136,950,631
42504,17,706.0302,941,637
42505,17,706.0471,942,637
42506,17,706.0632,940,636
42507,17,706.0801,940,636
42508,17,706.0964,938,636
42509,17,706.1131,938,637
42510,17,706.1296,936,637
42511,17,706.1461,936,636
42512,17,706.1626,936,635
42513,17,706.1792,936,636
42514,17,706.1958,932,636
42515,17,706.2123,929,636
42516,17,706.2292,925,633
42517,17,706.2455,925,633
42518,17,706.2621,927,634
42519,17,706.2786,928,634
42520,17,706.2952,929,635
42521,17,706.3117,930,634
42522,17,706.3286,929,634
42523,17,706.3448,929,633
42524,17,706.3615,929,632
42525,17,706.3781,930,630
42526,17,706.3951,928,627
42527,17,706.4111,927,627
42528,17,706.4276,928,627
42529,17,706.4442,932,639
42530,17,706.4608,953,696
42531,17,706.478,959,713
42532,17,706.494,980,769
42533,17,706.5104,980,771
42534,17,706.5272,980,771
42535,17,706.5443,980,771
42536,17,706.5602,1039,566
42537,17,706.5767,1047,737
42538,17,706.5933,1017,691
42539,17,706.61,1010,669
42540,17,706.6265,997,620
42541,17,706.643,995,602
42542,17,706.6598,996,582
42543,17,706.6762,996,582
42544,17,706.6932,998,583
42545,17,706.7094,998,583
42546,17,706.726,999,583
42547,17,706.7426,999,583
42548,17,706.759,999,585
42549,17,706.7755,1000,586
42550,17,706.7921,1001,589
42551,17,706.809,1001,590
42552,17,706.8253,1005,590
42553,17,706.8422,1006,590
42554,17,706.8585,1007,589
42555,17,706.8751,1007,588
42556,17,706.8917,1006,589
42557,17,706.9082,1002,591
42558,17,706.9249,998,594
42559,17,706.9413,990,597
42560,17,706.9579,987,598
42561,17,706.9745,988,598
42562,17,706.9911,989,597
42563,17,707.0076,988,594
42564,17,707.0242,988,594
42565,17,707.0411,989,591
42566,17,707.0573,989,590
42567,17,707.0743,990,589
42568,17,707.0906,991,590
42569,17,707.107,992,591
42570,17,707.1235,993,590
42571,17,707.1401,994,586
42572,17,707.1566,996,582
42573,17,707.1733,999,579
42574,17,707.1898,1001,579
42575,17,707.2064,1002,578
42576,17,707.2231,1002,578
42577,17,707.2401,1003,578
42578,17,707.2566,1004,578
42579,17,707.2727,1004,577
42580,17,707.2893,1003,577
42581,17,707.3057,1000,577
42582,17,707.3224,1000,578
42583,17,707.3389,1002,578
42584,17,707.3554,1003,577
42585,17,707.3721,1002,574
42586,17,707.3886,1001,573
42587,17,707.4052,999,574
42588,17,707.4218,999,577
42589,17,707.4384,999,580
42590,17,707.4549,1000,580
42591,17,707.4715,1002,580
42592,17,707.488,1003,580
42593,17,707.5045,1004,582
42594,17,707.5212,1004,586
42595,17,707.5377,1004,591
42596,17,707.5541,1005,592
42597,17,707.5708,1006,590
42598,17,707.5874,1005,589
42599,17,707.6043,1004,586

42600,17,707.6205,1003,586
42601,17,707.6371,1003,588
42602,17,707.6536,1004,589
42603,17,707.6705,1005,591
42604,17,707.6868,1005,591
42605,17,707.7033,1005,589
42606,17,707.7205,1004,588
42607,17,707.7366,1003,588
42608,17,707.7529,1003,588
42609,17,707.7697,1002,588
42610,17,707.7867,1001,587
42611,17,707.8027,1001,586
42612,17,707.8192,1001,584
42613,17,707.836,1001,584
42614,17,707.8527,1002,585
42615,17,707.869,1003,586
42616,17,707.8862,1004,584
42617,17,707.9021,1004,582
42618,17,707.9186,1002,581
42619,17,707.9352,1000,581
42620,17,707.9518,996,580
42621,17,707.9686,994,579
42622,17,707.985,995,576
42623,17,708.002,997,576
42624,17,708.018,998,573
42625,17,708.0347,999,572
42626,17,708.0512,999,572
42627,17,708.0677,998,572
42628,17,708.0843,996,575
42629,17,708.1008,996,576
42630,17,708.118,998,577
42631,17,708.134,1000,577
42632,17,708.1507,1003,578
42633,17,708.1673,1003,579
42634,17,708.1837,1002,580
42635,17,708.2007,1001,581
42636,17,708.2169,1001,582
42637,17,708.2334,1001,584
42638,17,708.2506,1001,585
42639,17,708.2665,1001,585
42640,17,708.2831,1000,587
42641,17,708.2997,999,588
42642,17,708.3162,999,592
42643,17,708.3328,999,594
42644,17,708.3494,999,597
42645,17,708.3659,999,597
42646,17,708.3825,999,597
42647,17,708.399,999,597
42648,17,708.4158,999,597
42649,17,708.4324,999,597
42650,17,708.4487,999,597
42651,17,708.4655,999,597
42652,17,708.482,999,597
42653,17,708.4985,999,597
42654,17,708.5151,1048,594
42655,17,708.532,1049,591
42656,17,708.5483,1050,592
42657,17,708.5648,1053,595
42658,17,708.5814,1054,598
42659,17,708.598,1056,601
42660,17,708.6146,1056,601
42661,17,708.6312,1056,602
42662,17,708.6477,1056,603
42663,17,708.6642,1054,605
42664,17,708.6813,1055,604
42665,17,708.6973,1056,600
42666,17,708.7138,1057,597
42667,17,708.7311,1057,593
42668,17,708.7469,1056,592
42669,17,708.7636,1048,596
42670,17,708.7804,1039,607
42671,17,708.7968,1017,638
42672,17,708.8138,1009,651
42673,17,708.83,1002,664
42674,17,708.8464,998,670
42675,17,708.8631,957,672
42676,17,708.8801,956,671
42677,17,708.8962,955,671
42678,17,708.9131,953,672
42679,17,708.9293,950,674
42680,17,708.9459,938,684
42681,17,708.9624,928,699
42682,17,708.979,911,731
42683,17,708.9955,905,745
42684,17,709.0129,903,752
42685,17,709.0287,903,752
42686,17,709.0453,901,751
42687,17,709.0621,902,752
42688,17,709.0785,905,754
42689,17,709.1039,905,754
42690,17,709.1118,902,756
42691,17,709.1282,898,762
42692,17,709.1447,894,778
42693,17,709.1612,892,787
42694,17,709.1782,892,794
42695,17,709.1943,892,795
42696,17,709.2112,893,795
42697,17,709.2275,893,795
42698,17,709.2448,893,794
42699,17,709.2608,893,795

42700,17,709.2775,895,795
42701,17,709.2938,896,795
42702,17,709.3109,897,795
42703,17,709.3268,896,793
42704,17,709.3436,895,792
42705,17,709.3608,894,792
42706,17,709.3768,900,775
42707,17,709.3932,913,742
42708,17,709.4097,940,660
42709,17,709.4263,954,612
42710,17,709.4431,964,562
42711,17,709.4594,966,550
42712,17,709.4761,966,547
42713,17,709.4926,967,547
42714,17,709.5091,967,547
42715,17,709.5256,967,545
42716,17,709.5424,967,543
42717,17,709.5587,967,541
42718,17,709.5756,968,538
42719,17,709.5919,967,537
42720,17,709.6085,965,538
42721,17,709.6254,964,537
42722,17,709.6417,963,536
42723,17,709.6589,963,534
42724,17,709.6753,964,536
42725,17,709.6914,964,538
42726,17,709.7079,964,540
42727,17,709.7245,965,543
42728,17,709.7411,966,544
42729,17,709.7576,967,546
42730,17,709.7742,967,546
42731,17,709.7908,967,545
42732,17,709.8073,967,544
42733,17,709.8239,977,520
42734,17,709.8415,983,504
42735,17,709.8581,995,476
42736,17,709.8736,998,469
42737,17,709.8901,1000,469
42738,17,709.9069,1000,469
42739,17,709.9233,999,469
42740,17,709.94,998,469
42741,17,709.9565,995,470
42742,17,709.973,994,470
42743,17,709.99,996,472
42744,17,710.0062,997,472
42745,17,710.0228,1003,463
42746,17,710.0393,1007,456
42747,17,710.056,1012,444
42748,17,710.0724,1014,441
42749,17,710.0892,1017,441
42750,17,710.1054,1018,441
42751,17,710.122,1018,440
42752,17,710.1387,1018,440
42753,17,710.1552,1018,439
42754,17,710.1718,1016,439
42755,17,710.1884,985,456
42756,17,710.2057,964,468
42757,17,710.2216,924,496
42758,17,710.2381,914,504
42759,17,710.2549,913,509
42760,17,710.2712,913,511
42761,17,710.288,911,509
42762,17,710.3043,910,508
42763,17,710.3209,909,507
42764,17,710.3375,908,507
42765,17,710.3549,909,508
42766,17,710.3708,910,508
42767,17,710.3871,910,510
42768,17,710.4037,911,512
42769,17,710.4202,909,512
42770,17,710.4368,908,510
42771,17,710.4534,905,507
42772,17,710.47,904,506
42773,17,710.4869,905,506
42774,17,710.5031,906,506
42775,17,710.5198,906,506
42776,17,710.5363,906,507
42777,17,710.5532,906,508
42778,17,710.5693,906,507
42779,17,710.5859,906,506
42780,17,710.6025,906,505
42781,17,710.619,906,506
42782,17,710.6356,910,507
42783,17,710.6522,934,513
42784,17,710.6687,1017,534
42785,17,710.6852,1056,545
42786,17,710.7018,1112,561
42787,17,710.7186,1112,562
42788,17,710.7349,1114,565
42789,17,710.7516,1114,565
42790,17,710.7681,1114,564
42791,17,710.7849,1113,563
42792,17,710.8013,1112,562
42793,17,710.8178,1111,562
42794,17,710.8346,1111,562
42795,17,710.8513,1111,562
42796,17,710.8675,1112,564
42797,17,710.8841,1112,565
42798,17,710.9006,1111,565
42799,17,710.9172,1110,566

42800,17,710.9338,1108,567
42801,17,710.9505,1107,568
42802,17,710.967,1108,567
42803,17,710.9835,1109,566
42804,17,711.0001,1110,567
42805,17,711.0167,1110,569
42806,17,711.0333,1112,570
42807,17,711.0498,1112,571
42808,17,711.0663,1109,589
42809,17,711.0831,1106,607
42810,17,711.0995,1099,647
42811,17,711.1161,1095,660
42812,17,711.1329,1090,678
42813,17,711.1491,1089,680
42814,17,711.1661,1086,683
42815,17,711.1823,1086,683
42816,17,711.1989,1087,685
42817,17,711.2155,1089,686
42818,17,711.2321,1090,687
42819,17,711.2486,1090,687
42820,17,711.2662,1089,687
42821,17,711.2819,1089,687
42822,17,711.2984,1091,687
42823,17,711.315,1091,687
42824,17,711.3314,1091,686
42825,17,711.3485,1091,686
42826,17,711.3651,1090,684
42827,17,711.3812,1091,683
42828,17,711.3978,1095,685
42829,17,711.4143,1099,687
42830,17,711.4308,1104,689
42831,17,711.4475,1104,689
42832,17,711.464,1106,688
42833,17,711.4805,1107,688
42834,17,711.4972,1106,704
42835,17,711.5137,1103,721
42836,17,711.5303,1100,742
42837,17,711.547,1098,751
42838,17,711.5634,1094,773
42839,17,711.5802,1094,773
42840,17,711.5965,1094,773
42841,17,711.6135,1165,712
42842,17,711.6297,1161,713
42843,17,711.6462,1120,705
42844,17,711.6628,1120,701
42845,17,711.6797,1109,698
42846,17,711.6959,1047,681
42847,17,711.7125,990,666
42848,17,711.7291,870,628
42849,17,711.7465,836,616
42850,17,711.7621,796,605
42851,17,711.7788,796,606
42852,17,711.7953,796,607
42853,17,711.812,797,606
42854,17,711.8284,797,606
42855,17,711.8458,798,608
42856,17,711.8617,799,609
42857,17,711.8782,800,610
42858,17,711.8948,799,611
42859,17,711.9114,796,611
42860,17,711.9278,795,611
42861,17,711.945,796,613
42862,17,711.9614,797,613
42863,17,711.9775,797,613
42864,17,711.9942,797,613
42865,17,712.0107,799,613
42866,17,712.0272,799,614
42867,17,712.0446,798,617
42868,17,712.0604,797,617
42869,17,712.0771,796,616
42870,17,712.0934,796,615
42871,17,712.1102,796,613
42872,17,712.1266,796,613
42873,17,712.1432,796,615
42874,17,712.1598,796,616
42875,17,712.1763,797,617
42876,17,712.1929,797,617
42877,17,712.2098,805,626
42878,17,712.2261,819,647
42879,17,712.2429,848,702
42880,17,712.2592,860,739
42881,17,712.2759,863,786
42882,17,712.2924,859,801
42883,17,712.3088,856,807
42884,17,712.3256,855,808
42885,17,712.342,856,810
42886,17,712.3591,856,811
42887,17,712.3752,856,812
42888,17,712.3917,856,812
42889,17,712.4091,860,809
42890,17,712.4251,868,802
42891,17,712.4415,886,791
42892,17,712.458,893,786
42893,17,712.4751,895,786
42894,17,712.4912,894,786
42895,17,712.5078,892,785
42896,17,712.5243,892,784
42897,17,712.5413,893,785
42898,17,712.5574,895,785
42899,17,712.5742,896,786

42900,17,712.5916,896,786
42901,17,712.6082,895,787
42902,17,712.6257,895,788
42903,17,712.6414,894,788
42904,17,712.6582,893,787
42905,17,712.6745,891,786
42906,17,712.691,892,785
42907,17,712.7083,897,783
42908,17,712.7245,908,777
42909,17,712.7407,944,752
42910,17,712.7573,967,731
42911,17,712.7738,1000,694
42912,17,712.7904,1011,680
42913,17,712.807,1012,675
42914,17,712.8235,1012,675
42915,17,712.8401,1012,674
42916,17,712.8567,1012,673
42917,17,712.8733,1013,673
42918,17,712.8899,1014,672
42919,17,712.9064,1014,672
42920,17,712.9229,1014,672
42921,17,712.9396,1014,673
42922,17,712.9561,1014,677
42923,17,712.973,1015,688
42924,17,712.9892,1016,692
42925,17,713.0059,1017,703
42926,17,713.0223,1017,712
42927,17,713.0388,1017,712
42928,17,713.0556,1017,712
42929,17,713.072,1017,712
42930,17,713.0892,1017,712
42931,17,713.1055,1017,712
42932,17,713.1217,1070,551
42933,17,713.1382,1070,549
42934,17,713.155,1022,553
42935,17,713.1714,1023,553
42936,17,713.188,1026,553
42937,17,713.2046,1027,552
42938,17,713.2212,1028,552
42939,17,713.2377,1028,551
42940,17,713.2543,1029,550
42941,17,713.2709,1030,550
42942,17,713.2873,1030,549
42943,17,713.3038,1034,539
42944,17,713.3205,1039,525
42945,17,713.3374,1051,489
42946,17,713.3536,1055,476
42947,17,713.3701,1060,462
42948,17,713.3867,1060,463
42949,17,713.4033,1059,466
42950,17,713.4199,1058,466
42951,17,713.4368,1058,468
42952,17,713.4529,1059,468
42953,17,713.47,1059,471
42954,17,713.4863,1058,472
42955,17,713.5027,1056,474
42956,17,713.5193,1056,475
42957,17,713.5358,1055,477
42958,17,713.5526,1056,477
42959,17,713.569,1068,486
42960,17,713.5859,1078,499
42961,17,713.6021,1094,534
42962,17,713.619,1096,549
42963,17,713.6353,1095,570
42964,17,713.6517,1095,572
42965,17,713.6683,1094,576
42966,17,713.6857,1095,575
42967,17,713.7015,1095,572
42968,17,713.718,1094,572
42969,17,713.7349,1094,573
42970,17,713.7512,1094,574
42971,17,713.7681,1095,576
42972,17,713.7843,1096,576
42973,17,713.801,1100,578
42974,17,713.8175,1102,580
42975,17,713.834,1106,581
42976,17,713.8507,1106,582
42977,17,713.8671,1103,584
42978,17,713.884,1102,586
42979,17,713.9003,1101,585
42980,17,713.9168,1102,583
42981,17,713.9334,1103,579
42982,17,713.9501,1103,579
42983,17,713.9666,1102,578
42984,17,713.9837,1102,578
42985,17,713.9997,1100,590
42986,17,714.0162,1099,603
42987,17,714.0328,1096,619
42988,17,714.0494,1095,625
42989,17,714.0661,1094,639
42990,17,714.0827,1094,639
42991,17,714.0992,1094,639
42992,17,714.1156,1094,639
42993,17,714.1321,1094,639
42994,17,714.1487,1094,639
42995,17,714.1653,1094,639
42996,17,714.182,1094,639
42997,17,714.1989,1124,471
42998,17,714.2152,1080,475
42999,17,714.2317,1081,473

43000,17,714.2483,1084,471
43001,17,714.2651,1085,472
43002,17,714.2814,1088,473
43003,17,714.2985,1088,474
43004,17,714.3146,1089,474
43005,17,714.3313,1089,474
43006,17,714.3477,1088,474
43007,17,714.3649,1087,477
43008,17,714.3807,1086,479
43009,17,714.3974,1086,480
43010,17,714.4141,1086,480
43011,17,714.4304,1088,478
43012,17,714.4472,1088,477
43013,17,714.464,1087,479
43014,17,714.4809,1087,480
43015,17,714.497,1085,484
43016,17,714.5134,1084,485
43017,17,714.53,1085,486
43018,17,714.5465,1086,486
43019,17,714.563,1091,481
43020,17,714.5796,1094,478
43021,17,714.5962,1099,470
43022,17,714.6127,1100,467
43023,17,714.6295,1100,466
43024,17,714.6459,1100,466
43025,17,714.6625,1099,466
43026,17,714.679,1099,466
43027,17,714.6956,1101,467
43028,17,714.7122,1103,467
43029,17,714.7288,1104,465
43030,17,714.7452,1103,463
43031,17,714.7618,1102,459
43032,17,714.7784,1101,458
43033,17,714.7954,1102,459
43034,17,714.8116,1103,460
43035,17,714.8281,1105,460
43036,17,714.8447,1105,460
43037,17,714.8613,1105,458
43038,17,714.8778,1105,458
43039,17,714.8943,1106,458
43040,17,714.9113,1106,459
43041,17,714.9275,1104,461
43042,17,714.944,1104,462
43043,17,714.9608,1103,462
43044,17,714.9772,1103,462
43045,17,714.9947,1103,460
43046,17,715.0104,1103,459
43047,17,715.027,1104,458
43048,17,715.0434,1105,459
43049,17,715.0604,1107,457
43050,17,715.0765,1107,456
43051,17,715.0933,1090,489
43052,17,715.1097,1073,519
43053,17,715.1262,1020,595
43054,17,715.1431,992,632
43055,17,715.1594,976,651
43056,17,715.176,976,651
43057,17,715.1929,976,651
43058,17,715.2094,976,651
43059,17,715.2256,976,651
43060,17,715.2422,976,651
43061,17,715.2589,1128,470
43062,17,715.2755,1128,470
43063,17,715.292,1081,473
43064,17,715.309,1082,471
43065,17,715.3251,1081,470
43066,17,715.3417,1081,470
43067,17,715.3583,1081,470
43068,17,715.3748,1081,471
43069,17,715.3923,1081,471
43070,17,715.408,1081,471
43071,17,715.4247,1081,471
43072,17,715.4411,1081,472
43073,17,715.4577,1081,473
43074,17,715.4742,1083,475
43075,17,715.4908,1084,474
43076,17,715.5074,1084,474
43077,17,715.5239,1083,474
43078,17,715.5405,1081,474
43079,17,715.557,1082,474
43080,17,715.5736,1082,474
43081,17,715.5902,1080,478
43082,17,715.6067,1072,494
43083,17,715.6234,1067,501
43084,17,715.6398,1063,516
43085,17,715.6564,1064,518
43086,17,715.673,1064,520
43087,17,715.6899,1063,520
43088,17,715.7062,1062,519
43089,17,715.7227,1062,519
43090,17,715.7399,1062,519
43091,17,715.7559,1062,518
43092,17,715.7725,1062,516
43093,17,715.7891,1062,516
43094,17,715.8057,1061,516
43095,17,715.8221,1060,517
43096,17,715.8386,1061,520
43097,17,715.8555,1061,520
43098,17,715.8718,1063,520
43099,17,715.8883,1063,520

43100,17,715.905,1063,520
43101,17,715.9221,1062,521
43102,17,715.9382,1061,520
43103,17,715.9548,1061,520
43104,17,715.9712,1062,519
43105,17,715.9877,1055,517
43106,17,716.0045,1029,504
43107,17,716.0208,1019,496
43108,17,716.0374,1004,481
43109,17,716.0542,1005,478
43110,17,716.0713,1007,474
43111,17,716.087,1007,474
43112,17,716.1041,1008,474
43113,17,716.1202,1008,474
43114,17,716.1368,1008,475
43115,17,716.1535,1009,477
43116,17,716.1703,1010,478
43117,17,716.1865,1011,478
43118,17,716.203,1011,478
43119,17,716.22,1012,479
43120,17,716.2363,1012,480
43121,17,716.2528,1012,481
43122,17,716.2698,1013,481
43123,17,716.2861,1014,482
43124,17,716.3028,1014,483
43125,17,716.319,1014,485
43126,17,716.3355,1014,485
43127,17,716.3521,1013,483
43128,17,716.3687,1014,482
43129,17,716.3853,1015,482
43130,17,716.402,1015,481
43131,17,716.4188,1016,480
43132,17,716.4349,1015,479
43133,17,716.4517,1015,476
43134,17,716.4681,1015,474
43135,17,716.4847,1015,471
43136,17,716.5015,1014,471
43137,17,716.5181,1013,473
43138,17,716.5344,1013,478
43139,17,716.5512,1013,489
43140,17,716.5675,1012,495
43141,17,716.5844,1064,548
43142,17,716.6006,1064,548
43143,17,716.6174,1064,548
43144,17,716.6337,1064,548
43145,17,716.6503,1064,548
43146,17,716.6672,1047,599
43147,17,716.6836,1003,611
43148,17,716.7,997,609
43149,17,716.7169,989,606
43150,17,716.7332,985,606
43151,17,716.7498,980,602
43152,17,716.7663,978,599
43153,17,716.7832,977,597
43154,17,716.7999,976,595
43155,17,716.8161,975,593
43156,17,716.833,975,593
43157,17,716.8492,974,591
43158,17,716.8661,975,589
43159,17,716.8824,976,589
43160,17,716.8993,975,589
43161,17,716.9155,967,581
43162,17,716.9321,959,567
43163,17,716.9486,941,537
43164,17,716.9651,933,523
43165,17,716.9819,929,515
43166,17,716.9985,927,517
43167,17,717.0151,927,520
43168,17,717.0317,925,523
43169,17,717.048,924,522
43170,17,717.0646,924,519
43171,17,717.0811,924,518
43172,17,717.0979,924,517
43173,17,717.1143,923,518
43174,17,717.1312,922,518
43175,17,717.1474,921,517
43176,17,717.1639,921,516
43177,17,717.1807,921,516
43178,17,717.198,921,515
43179,17,717.2136,921,514
43180,17,717.2302,921,512
43181,17,717.2468,921,512
43182,17,717.2637,923,511
43183,17,717.2802,924,511
43184,17,717.2966,943,535
43185,17,717.313,956,554
43186,17,717.3298,986,603
43187,17,717.3461,995,622
43188,17,717.3628,1001,638
43189,17,717.3793,1002,640
43190,17,717.3958,1002,641
43191,17,717.4127,1002,642
43192,17,717.4291,1000,643
43193,17,717.4456,999,644
43194,17,717.4622,998,644
43195,17,717.4788,998,644
43196,17,717.4953,1028,658
43197,17,717.5127,1050,670
43198,17,717.5294,1102,696
43199,17,717.545,1119,704

43200,17,717.5616,1125,709
43201,17,717.5782,1124,710
43202,17,717.5948,1122,711
43203,17,717.6113,1121,711
43204,17,717.628,1122,712
43205,17,717.6445,1122,713
43206,17,717.661,1122,712
43207,17,717.6776,1122,712
43208,17,717.6942,1123,712
43209,17,717.7107,1123,713
43210,17,717.7273,1122,713
43211,17,717.7438,1121,713
43212,17,717.7604,1122,712
43213,17,717.7769,1123,712
43214,17,717.7935,1128,709
43215,17,717.81,1130,707
43216,17,717.8267,1135,704
43217,17,717.8431,1136,703
43218,17,717.8599,1136,703
43219,17,717.8763,1136,703
43220,17,717.8929,1135,703
43221,17,717.9098,1134,703
43222,17,717.9263,1136,703
43223,17,717.9426,1158,704
43224,17,717.9592,1177,705
43225,17,717.9764,1213,710
43226,17,717.9924,1222,711
43227,17,718.0092,1229,714
43228,17,718.0255,1229,715
43229,17,718.042,1229,716
43230,17,718.0586,1229,716
43231,17,718.0751,1231,715
43232,17,718.0919,1231,713
43233,17,718.1083,1230,713
43234,17,718.1251,1229,714
43235,17,718.1414,1228,715
43236,17,718.1583,1228,715
43237,17,718.1746,1229,714
43238,17,718.1912,1229,714
43239,17,718.2078,1228,714
43240,17,718.2243,1228,716
43241,17,718.2411,1232,719
43242,17,718.2579,1233,719
43243,17,718.274,1236,717
43244,17,718.2906,1236,716
43245,17,718.3071,1235,714
43246,17,718.3238,1234,714
43247,17,718.3403,1234,714
43248,17,718.3568,1235,714
43249,17,718.3734,1234,715
43250,17,718.39,1234,716
43251,17,718.4066,1233,717
43252,17,718.423,1233,717
43253,17,718.4396,1235,716
43254,17,718.4562,1235,716
43255,17,718.4727,1236,717
43256,17,718.4894,1222,713
43257,17,718.5059,1131,671
43258,17,718.5225,1047,621
43259,17,718.5391,852,483
43260,17,718.5556,786,428
43261,17,718.5721,705,353
43262,17,718.5888,702,349
43263,17,718.6057,700,349
43264,17,718.6219,700,349
43265,17,718.6384,697,350
43266,17,718.6552,691,344
43267,17,718.6716,673,320
43268,17,718.6881,665,305
43269,17,718.7047,653,281
43270,17,718.7213,652,279
43271,17,718.7382,649,277
43272,17,718.7543,649,278
43273,17,718.7715,648,279
43274,17,718.7875,648,279
43275,17,718.8042,647,280
43276,17,718.8206,646,280
43277,17,718.8378,648,279
43278,17,718.8538,650,279
43279,17,718.8705,652,280
43280,17,718.8868,651,280
43281,17,718.9034,650,282
43282,17,718.9202,650,282
43283,17,718.9367,650,285
43284,17,718.9531,650,287
43285,17,718.9702,655,290
43286,17,718.9863,657,290
43287,17,719.0032,739,292
43288,17,719.0195,739,292
43289,17,719.0359,739,292
43290,17,719.0525,960,475
43291,17,719.0691,959,461
43292,17,719.0856,919,466
43293,17,719.1028,919,443
43294,17,719.1188,920,438
43295,17,719.1353,920,433
43296,17,719.1523,919,434
43297,17,719.1685,920,436
43298,17,719.1852,922,442
43299,17,719.202,923,443

43300,17,719.2182,923,443
43301,17,719.2355,924,444
43302,17,719.2513,925,445
43303,17,719.2681,925,446
43304,17,719.2844,934,456
43305,17,719.301,949,476
43306,17,719.3177,979,522
43307,17,719.3348,995,546
43308,17,719.3507,1002,565
43309,17,719.3672,1003,568
43310,17,719.3838,1005,568
43311,17,719.4005,1006,568
43312,17,719.4171,1007,568
43313,17,719.4336,1007,569
43314,17,719.4501,1006,572
43315,17,719.4667,1006,573
43316,17,719.4834,1005,575
43317,17,719.5006,1005,576
43318,17,719.5165,1006,573
43319,17,719.533,1007,572
43320,17,719.5496,1006,573
43321,17,719.5661,1006,575
43322,17,719.5828,1006,577
43323,17,719.5994,1006,577
43324,17,719.6162,1006,579
43325,17,719.6323,1005,580
43326,17,719.6494,1004,582
43327,17,719.6655,1003,583
43328,17,719.6821,1002,582
43329,17,719.6987,1001,583
43330,17,719.7158,1001,585
43331,17,719.7319,1002,585
43332,17,719.7484,1003,582
43333,17,719.7649,1003,580
43334,17,719.7817,1003,581
43335,17,719.7984,1003,582
43336,17,719.8147,999,590
43337,17,719.8312,987,607
43338,17,719.8488,961,652
43339,17,719.8644,949,679
43340,17,719.881,940,711
43341,17,719.8975,941,721
43342,17,719.9145,943,728
43343,17,719.9306,944,730
43344,17,719.9471,945,731
43345,17,719.9637,946,731
43346,17,719.9804,946,733
43347,17,719.9971,946,733
43348,17,720.0135,946,740
43349,17,720.03,944,755
43350,17,720.0466,942,770
43351,17,720.0632,939,802
43352,17,720.0797,939,812
43353,17,720.0963,941,812
43354,17,720.1129,942,812
43355,17,720.1304,940,811
43356,17,720.1461,939,810
43357,17,720.1626,938,807
43358,17,720.1797,937,808
43359,17,720.1959,933,808
43360,17,720.2123,927,809
43361,17,720.2289,909,805
43362,17,720.2463,894,802
43363,17,720.262,889,802
43364,17,720.2786,889,803
43365,17,720.2951,889,803
43366,17,720.3117,889,802
43367,17,720.3282,890,799
43368,17,720.3448,890,798
43369,17,720.3614,890,796
43370,17,720.3779,891,795
43371,17,720.3949,890,793
43372,17,720.4111,890,792
43373,17,720.4279,890,793
43374,17,720.4442,891,795
43375,17,720.4608,891,794
43376,17,720.4773,892,794
43377,17,720.4939,893,795
43378,17,720.5106,894,795
43379,17,720.5271,889,794
43380,17,720.5436,886,792
43381,17,720.5602,878,790
43382,17,720.5767,875,791
43383,17,720.5935,875,796
43384,17,720.6098,875,796
43385,17,720.6271,874,795
43386,17,720.6431,875,794
43387,17,720.6595,875,794
43388,17,720.6766,876,795
43389,17,720.6927,879,795
43390,17,720.7093,880,795
43391,17,720.7258,880,795
43392,17,720.7429,879,796
43393,17,720.7589,878,796
43394,17,720.7756,878,795
43395,17,720.7922,877,794
43396,17,720.8088,877,794
43397,17,720.8253,876,794
43398,17,720.8418,876,795
43399,17,720.8588,876,797

